window,file,beam,pass,acquired_utc,pixel_spacing_m,study_area_covered_pct,median_HH_dB,output
flood_2022,RCM1_OK2083047_PK2089001_1_16M17_20220513_135646_HH_HV_GRD.zip,16M17,Descending,2022-05-13T13:56:46.413000Z,6.25,27.5,-10.9,data\processed\flood_2022\20220513_135646_16M17.tif
flood_2022,RCM2_OK2083047_PK2085529_1_16M17_20220510_012905_HH_HV_GRD.zip,16M17,Ascending,2022-05-10T01:29:05.592000Z,6.25,80.8,-12.2,data\processed\flood_2022\20220510_012905_16M17.tif
flood_2022,RCM3_OK2083047_PK2085925_1_16M13_20220510_140509_HH_HV_GRD.zip,16M13,Descending,2022-05-10T14:05:09.187000Z,6.25,65.8,-13.0,data\processed\flood_2022\20220510_140509_16M13.tif
flood_2022,RCM3_OK2083047_PK2086452_1_16M2_20220511_010511_HH_HV_GRD.zip,16M2,Ascending,2022-05-11T01:05:11.913000Z,6.25,26.9,-7.8,data\processed\flood_2022\20220511_010511_16M2.tif
flood_2022,RCM3_OK2083047_PK2087044_1_16M9_20220511_141309_HH_HV_GRD.zip,16M9,Descending,2022-05-11T14:13:09.308000Z,6.25,35.1,-9.4,data\processed\flood_2022\20220511_141309_16M9.tif
flood_2022,RCM3_OK2083047_PK2087497_1_16M7_20220512_011316_HH_HV_GRD.zip,16M7,Ascending,2022-05-12T01:13:16.835000Z,6.25,63.8,-8.3,data\processed\flood_2022\20220512_011316_16M7.tif
flood_2022,RCM3_OK2083047_PK2088024_1_16M4_20220512_142109_HH_HV_GRD.zip,16M4,Descending,2022-05-12T14:21:09.399000Z,6.25,65.9,-7.7,data\processed\flood_2022\20220512_142109_16M4.tif
flood_2022,RCM3_OK2083047_PK2088501_1_16M12_20220513_012118_HH_HV_GRD.zip,16M12,Ascending,2022-05-13T01:21:18.009000Z,6.25,46.9,-19.6,data\processed\flood_2022\20220513_012118_16M12.tif
reference_2022,RCM1_OK1533377_PK1578411_1_16M17_20210417_012845_HH_HV_GRD.zip,16M17,Ascending,2021-04-17T01:28:45.471000Z,6.25,95.5,-12.5,data\processed\reference_2022\20210417_012845_16M17.tif
spring_2021,RCM1_OK1610206_PK1618000_1_16M12_20210510_012046_HH_HV_GRD.zip,16M12,Ascending,2021-05-10T01:20:46.529000Z,6.25,86.3,-8.1,data\processed\spring_2021\20210510_012046_16M12.tif
spring_2021,RCM1_OK1610206_PK1619809_1_16M17_20210511_012846_HH_HV_GRD.zip,16M17,Ascending,2021-05-11T01:28:46.522000Z,6.25,95.6,-9.7,data\processed\spring_2021\20210511_012846_16M17.tif
spring_2021,RCM3_OK1533377_PK1613552_1_16M17_20210507_012911_HH_HV_GRD.zip,16M17,Ascending,2021-05-07T01:29:11.009000Z,6.25,75.8,-11.6,data\processed\spring_2021\20210507_012911_16M17.tif
spring_2023,RCM1_OK2311800_PK2569156_1_SCLNB_20230524_012055_HH_HV_GRD.zip,SCLNB,Ascending,2023-05-24T01:20:55.395000Z,40.0,100.0,-9.9,data\processed\spring_2023\20230524_012055_SCLNB.tif
spring_2023,RCM2_OK2311800_PK2569834_1_SCLNB_20230524_135643_HH_HV_GRD.zip,SCLNB,Descending,2023-05-24T13:56:43.412000Z,40.0,99.9,-11.1,data\processed\spring_2023\20230524_135643_SCLNB.tif
spring_2024,RCM1_OK2881015_PK3052006_1_16M7_20240505_011259_HH_HV_GRD.zip,16M7,Ascending,2024-05-05T01:12:59.904000Z,6.25,47.9,-7.8,data\processed\spring_2024\20240505_011259_16M7.tif
spring_2024,RCM2_OK2881015_PK3042183_1_16M12_20240428_012110_HH_HV_GRD.zip,16M12,Ascending,2024-04-28T01:21:10.928000Z,6.25,80.1,-9.7,data\processed\spring_2024\20240428_012110_16M12.tif
spring_2024,RCM3_OK2881015_PK3033059_1_16M17_20240421_012921_HH_HV_GRD.zip,16M17,Ascending,2024-04-21T01:29:21.946000Z,6.25,100.0,-10.4,data\processed\spring_2024\20240421_012921_16M17.tif
